DROP TABLE pr5b_programacion CASCADE CONSTRAINTS;
DROP TABLE pr5b_canal CASCADE CONSTRAINTS;
DROP TABLE pr5b_programa CASCADE CONSTRAINTS;

CREATE TABLE pr5b_programa (
       codPrograma NUMBER(4,0) PRIMARY KEY,
       titulo VARCHAR2(50),
       duracion NUMBER(4,0), -- duracion en minutos.
       tipo VARCHAR2(20)     -- Puede ser 'documental', 'informativo', 'entretenimiento', 'deporte', 'ficcion'
);

CREATE TABLE pr5b_canal (
       idCanal NUMBER(4,0) PRIMARY KEY,
       nombre VARCHAR2(50)
);

CREATE TABLE pr5b_programacion (
       idEmision NUMBER(10,0) PRIMARY KEY,
       codPrograma NUMBER(4,0) REFERENCES pr5b_programa,
       idCanal NUMBER(4,0) REFERENCES pr5b_canal,
       fec_hora DATE -- fecha y hora de emision.
);

INSERT INTO pr5b_programa VALUES (1,'Lo que el viento se llevo', 238, 'ficcion');
INSERT INTO pr5b_programa VALUES (2,'Juego de trinos. T1 Ep1', 55, 'ficcion');
INSERT INTO pr5b_programa VALUES (3,'Juego de trinos. T1 Ep2', 51, 'ficcion');
INSERT INTO pr5b_programa VALUES (4,'Juego de trinos. T1 Ep3', 53, 'ficcion');
INSERT INTO pr5b_programa VALUES (5,'Juego de trinos. T1 Ep4', 58, 'ficcion');
INSERT INTO pr5b_programa VALUES (6,'Juego de trinos. T1 Ep5', 52, 'ficcion');
INSERT INTO pr5b_programa VALUES (7,'Juego de trinos. T1 Ep6', 53, 'ficcion');
INSERT INTO pr5b_programa VALUES (8,'Juego de trinos. T1 Ep7', 55, 'ficcion');
INSERT INTO pr5b_programa VALUES (9,'Inocente o culpable', 280, 'entretenimiento');
INSERT INTO pr5b_programa VALUES (10,'La vida secreta de las plantas', 47, 'documental');
INSERT INTO pr5b_programa VALUES (11,'Los misterios del ultimo emperador', 58, 'documental');
INSERT INTO pr5b_programa VALUES (12,'El cultivo del champignon', 33, 'documental');
INSERT INTO pr5b_programa VALUES (13,'Incredible sushi made easy', 64, 'documental');

INSERT INTO pr5b_canal VALUES (1, 'Channel one');
INSERT INTO pr5b_canal VALUES (2, 'La de los documentales');
INSERT INTO pr5b_canal VALUES (3, 'Canal gastro');
INSERT INTO pr5b_canal VALUES (4, 'Todo series');
INSERT INTO pr5b_canal VALUES (6, 'Antena Sexta');

ALTER SESSION SET NLS_DATE_FORMAT = 'DD-MM-YYYY HH24:MI:SS';
INSERT INTO pr5b_programacion VALUES (1,1,1,TO_DATE('18-12-2017 23:00:00'));
INSERT INTO pr5b_programacion VALUES (2,1,6,TO_DATE('21-12-2017 16:15:00'));
INSERT INTO pr5b_programacion VALUES (3,9,6,TO_DATE('21-12-2017 19:10:00'));

INSERT INTO pr5b_programacion VALUES (4,10,2,TO_DATE('18-12-2017 16:10:00'));
INSERT INTO pr5b_programacion VALUES (5,11,2,TO_DATE('25-12-2017 15:35:00'));
INSERT INTO pr5b_programacion VALUES (6,12,2,TO_DATE('27-12-2017 14:00:00'));
INSERT INTO pr5b_programacion VALUES (7,13,2,TO_DATE('28-12-2017 19:30:00'));

INSERT INTO pr5b_programacion VALUES (8,12,1,TO_DATE('28-12-2017 08:30:00'));
INSERT INTO pr5b_programacion VALUES (9,11,1,TO_DATE('28-12-2017 10:30:00'));
INSERT INTO pr5b_programacion VALUES (10,13,1,TO_DATE('28-12-2017 12:30:00'));

INSERT INTO pr5b_programacion VALUES (11,12,6,TO_DATE('31-12-2017 23:30:00'));

INSERT INTO pr5b_programacion VALUES (13,2,4,TO_DATE('21-12-2017 21:30:00'));
INSERT INTO pr5b_programacion VALUES (14,3,4,TO_DATE('22-12-2017 21:30:00'));
INSERT INTO pr5b_programacion VALUES (15,4,4,TO_DATE('23-12-2017 21:30:00'));
INSERT INTO pr5b_programacion VALUES (16,5,4,TO_DATE('24-12-2017 21:30:00'));
INSERT INTO pr5b_programacion VALUES (17,6,4,TO_DATE('25-12-2017 21:30:00'));
INSERT INTO pr5b_programacion VALUES (18,7,4,TO_DATE('26-12-2017 21:30:00'));
COMMIT;
